node,pred,avg_edge_score
8357,3,3.07534766788681e-17
21998,3,0.009720412082970142
8787,3,1.9663317468955762e-20
33297,3,8.286889135342916e-16
26738,3,2.3532726117991842e-05
