node,pred_full,pred_masked,fidelity,sparsity
8357,3,3,1.0,0.8000016824253844
21998,3,3,1.0,0.8000016824253844
8787,3,3,1.0,0.8000016824253844
33297,3,3,1.0,0.8000016824253844
26738,3,3,1.0,0.8000016824253844
